{
  "warp_w": 1877,
  "warp_h": 3001,
  "columns": 2,
  "rows": 21,
  "options": [
    "A",
    "B",
    "C",
    "D"
  ],
  "bubble_spacing_px": 176,
  "bubble_radius_px": 39,
  "grids": [
    {
      "x": 0.07565263718700053,
      "y": 0.20359880039986672,
      "w": 0.3196590303676079,
      "h": 0.7260913028990337
    },
    {
      "x": 0.6254661694192861,
      "y": 0.2049316894368544,
      "w": 0.3292488012786361,
      "h": 0.724758413862046
    }
  ]
}