{
  "warp_w": 1877,
  "warp_h": 3001,
  "columns": 2,
  "rows": 21,
  "options": [
    "A",
    "B",
    "C",
    "D"
  ],
  "grids": [
    {
      "x": 0.06393180607352157,
      "y": 0.20226591136287905,
      "w": 0.339371337240277,
      "h": 0.7310896367877374
    },
    {
      "x": 0.6212040490143846,
      "y": 0.20226591136287905,
      "w": 0.34150239744272776,
      "h": 0.7310896367877374
    }
  ]
}