{
  "warp_w": 1877,
  "warp_h": 3001,
  "columns": 2,
  "rows": 21,
  "options": [
    "A",
    "B",
    "C",
    "D"
  ],
  "bubble_spacing_px": 172,
  "bubble_radius_px": 39,
  "grids": [
    {
      "x": 0.07352157698454981,
      "y": 0.20359880039986672,
      "w": 0.3196590303676079,
      "h": 0.728423858713762
    },
    {
      "x": 0.6270644645711241,
      "y": 0.20359880039986672,
      "w": 0.3276505061267981,
      "h": 0.7224258580473175
    }
  ]
}