{
  "warp_w": 1877,
  "warp_h": 3001,
  "columns": 2,
  "rows": 21,
  "options": [
    "A",
    "B",
    "C",
    "D"
  ],
  "grids": [
    {
      "x": 0.07352157698454981,
      "y": 0.20359880039986672,
      "w": 0.3212573255194459,
      "h": 0.7274241919360214,
      "bubble_spacing_px": 176,
      "bubble_radius_px": 39
    },
    {
      "x": 0.6270644645711241,
      "y": 0.20359880039986672,
      "w": 0.32338838572189665,
      "h": 0.7274241919360214,
      "bubble_spacing_px": 176,
      "bubble_radius_px": 39
    }
  ]
}