{
  "warp_w": 1877,
  "warp_h": 3001,
  "columns": 2,
  "rows": 21,
  "options": [
    "A",
    "B",
    "C",
    "D"
  ],
  "grids": [
    {
      "x": 0.07565263718700053,
      "y": 0.20359880039986672,
      "w": 0.32338838572189665,
      "h": 0.728423858713762
    },
    {
      "x": 0.6270644645711241,
      "y": 0.20093302232589136,
      "w": 0.3276505061267981,
      "h": 0.7324225258247251
    }
  ]
}